{"epoch":{"0":3},"train_loss":{"0":0.4996537734},"val_loss":{"0":0.5191482546}}