{"epoch":{"0":2},"train_loss":{"0":0.5250366303},"val_loss":{"0":0.5240690468}}