{"epoch":{"0":1},"train_loss":{"0":0.5921520764},"val_loss":{"0":0.5404511115}}